{"cameraMode":{"drawMode":0,"name":"Shaded","section":"Shading Mode"},"sceneLighting":false,"audioPlay":false,"sceneViewState":{"showFog":true,"showMaterialUpdate":false,"showSkybox":false,"showFlares":true,"showImageEffects":true,"showParticleSystems":true},"in2DMode":false,"pivot":{"x":3.3615682125091554,"y":-5.070417404174805,"z":6.637570858001709},"rotation":{"x":-0.330362468957901,"y":-0.6569854021072388,"z":0.3932965099811554,"w":-0.5519222021102905},"size":0.9197573661804199,"orthographic":false}