{"cameraMode":{"drawMode":0,"name":"Shaded","section":"Shading Mode"},"sceneLighting":false,"audioPlay":false,"sceneViewState":{"showFog":true,"showMaterialUpdate":false,"showSkybox":false,"showFlares":true,"showImageEffects":true,"showParticleSystems":true},"in2DMode":false,"pivot":{"x":-12.40999984741211,"y":-1.9558087587356568,"z":-4.379999160766602},"rotation":{"x":-0.3215799033641815,"y":-0.6396790742874146,"z":0.3362163007259369,"w":-0.6119011640548706},"size":4.739238262176514,"orthographic":false}