{"cameraMode":{"drawMode":0,"name":"Shaded","section":"Shading Mode"},"sceneLighting":false,"audioPlay":false,"sceneViewState":{"showFog":true,"showMaterialUpdate":false,"showSkybox":false,"showFlares":true,"showImageEffects":true,"showParticleSystems":true},"in2DMode":false,"pivot":{"x":-0.4534512758255005,"y":1.8983116149902344,"z":0.8638179898262024},"rotation":{"x":-0.007443786133080721,"y":0.9419460296630859,"z":-0.33595260977745058,"w":-0.016172684729099275},"size":0.6404157280921936,"orthographic":false}