{"cameraMode":{"drawMode":0,"name":"Shaded","section":"Shading Mode"},"sceneLighting":false,"audioPlay":false,"sceneViewState":{"showFog":true,"showMaterialUpdate":false,"showSkybox":false,"showFlares":true,"showImageEffects":true,"showParticleSystems":true},"in2DMode":false,"pivot":{"x":0.479961097240448,"y":-0.1351776123046875,"z":0.26504412293434145},"rotation":{"x":0.23644454777240754,"y":0.4460688531398773,"z":-0.12345913797616959,"w":0.8543477058410645},"size":1.2124356031417847,"orthographic":false}