{"cameraMode":{"drawMode":0,"name":"Shaded","section":"Shading Mode"},"sceneLighting":false,"audioPlay":false,"sceneViewState":{"showFog":true,"showMaterialUpdate":false,"showSkybox":false,"showFlares":true,"showImageEffects":true,"showParticleSystems":true},"in2DMode":false,"pivot":{"x":-0.17213651537895204,"y":-0.4902805984020233,"z":-0.061970628798007968},"rotation":{"x":0.18637758493423463,"y":-0.8118055462837219,"z":0.4234122335910797,"w":0.35658469796180727},"size":1.1426783800125123,"orthographic":false}