{"cameraMode":{"drawMode":0,"name":"Shaded","section":"Shading Mode"},"sceneLighting":false,"audioPlay":false,"sceneViewState":{"showFog":true,"showMaterialUpdate":false,"showSkybox":false,"showFlares":true,"showImageEffects":true,"showParticleSystems":true},"in2DMode":false,"pivot":{"x":37.458492279052737,"y":-8.141885757446289,"z":-4.8586602210998539},"rotation":{"x":0.09066841751337052,"y":0.7462396025657654,"z":-0.10628373175859451,"w":0.6511940360069275},"size":21.535892486572267,"orthographic":false}