{"cameraMode":{"drawMode":0,"name":"Shaded","section":"Shading Mode"},"sceneLighting":false,"audioPlay":false,"sceneViewState":{"showFog":true,"showMaterialUpdate":false,"showSkybox":false,"showFlares":true,"showImageEffects":true,"showParticleSystems":true},"in2DMode":false,"pivot":{"x":1.9986460208892823,"y":-2.4565482139587404,"z":-22.994857788085939},"rotation":{"x":0.32630041241645815,"y":0.5767932534217835,"z":-0.26928019523620608,"w":0.6988568902015686},"size":3.6571273803710939,"orthographic":false}