{"cameraMode":{"drawMode":0,"name":"Shaded","section":"Shading Mode"},"sceneLighting":false,"audioPlay":false,"sceneViewState":{"showFog":true,"showMaterialUpdate":false,"showSkybox":false,"showFlares":true,"showImageEffects":true,"showParticleSystems":true},"in2DMode":false,"pivot":{"x":-0.05399429798126221,"y":-0.4877069592475891,"z":0.5414938926696777},"rotation":{"x":-0.3472917377948761,"y":-0.6079645752906799,"z":0.33483844995498659,"w":-0.6306483149528503},"size":0.9079042077064514,"orthographic":false}