{"cameraMode":{"drawMode":0,"name":"Shaded","section":"Shading Mode"},"sceneLighting":false,"audioPlay":false,"sceneViewState":{"showFog":true,"showMaterialUpdate":false,"showSkybox":false,"showFlares":true,"showImageEffects":true,"showParticleSystems":true},"in2DMode":false,"pivot":{"x":-22.950000762939454,"y":1.9499998092651368,"z":-29.790000915527345},"rotation":{"x":0.401125967502594,"y":0.1828959733247757,"z":-0.08380365371704102,"w":0.8938958048820496},"size":21.5358943939209,"orthographic":false}