{"cameraMode":{"drawMode":0,"name":"Shaded","section":"Shading Mode"},"sceneLighting":false,"audioPlay":false,"sceneViewState":{"showFog":true,"showMaterialUpdate":false,"showSkybox":false,"showFlares":true,"showImageEffects":true,"showParticleSystems":true},"in2DMode":false,"pivot":{"x":-56.90625,"y":-8.813251495361329,"z":313.6106262207031},"rotation":{"x":0.3438033163547516,"y":0.5872566103935242,"z":-0.30528154969215395,"w":0.666496992111206},"size":5.060964584350586,"orthographic":false}